file;red;green;blue
_alaska2-00143.jpg;0.0671272;0.070694;0.0650826
_alaska2-00299.jpg;0.398617;0.405056;0.378353
_alaska2-00408.jpg;0.17461;0.205444;0.144981
_alaska2-00552.jpg;0.526199;0.543175;0.551941
_alaska2-00609.jpg;0.269089;0.283844;0.254501
_alaska2-00653.jpg;0.361744;0.400009;0.33839
_alaska2-00752.jpg;0.290871;0.302372;0.261536
_alaska2-00978.jpg;0.31382;0.314846;0.284973
_alaska2-01359.jpg;0.107727;0.109737;0.104874
_alaska2-01602.jpg;0.252651;0.279209;0.223156
_alaska2-01727.jpg;0.439766;0.454174;0.441223
_alaska2-01880.jpg;0.130615;0.162281;0.129063
_alaska2-01933.jpg;0.0684662;0.0728798;0.0670052
_alaska2-01981.jpg;0.0988007;0.121696;0.0934143
_alaska2-02026.jpg;0.228027;0.284363;0.252266
_alaska2-02036.jpg;0.211582;0.255253;0.197464
_alaska2-02080.jpg;0.057724;0.0668221;0.0578499
_alaska2-02136.jpg;0.52684;0.539234;0.513855
_alaska2-02509.jpg;0.265892;0.293648;0.230381
_alaska2-02537.jpg;0.149612;0.187576;0.126923
_alaska2-02593.jpg;0.975758;0.938011;0.869743
_alaska2-02600.jpg;0.0801315;0.0945015;0.0810471
_alaska2-02771.jpg;0.0776138;0.0843277;0.0744209
_alaska2-03112.jpg;0.097496;0.112785;0.0892754
_alaska2-03337.jpg;0.264851;0.299236;0.34906
_alaska2-03358.jpg;0.291416;0.316185;0.264381
_alaska2-03402.jpg;0.0608101;0.071743;0.0470352
_alaska2-03569.jpg;0.166859;0.167763;0.159073
_alaska2-03891.jpg;0.171181;0.191658;0.160328
_alaska2-04009.jpg;0.201756;0.22522;0.177181
_alaska2-04286.jpg;0.213215;0.219849;0.206699
_alaska2-04317.jpg;0.250492;0.263744;0.245258
_alaska2-04338.jpg;0.073452;0.0849228;0.0775185
_alaska2-04379.jpg;0.469707;0.495201;0.486946
_alaska2-04403.jpg;0.0883217;0.102562;0.087265
_alaska2-04460.jpg;0.387775;0.404613;0.33009
_alaska2-04470.jpg;0.174683;0.208214;0.171326
_alaska2-04494.jpg;0.0696335;0.0855904;0.075634
_alaska2-04539.jpg;0.764652;0.769993;0.731201
_alaska2-04757.jpg;0.16547;0.212177;0.182411
_alaska2-04758.jpg;0.265526;0.299957;0.253788
_alaska2-04955.jpg;0.450558;0.487907;0.432148
_alaska2-04977.jpg;0.251839;0.301094;0.231842
_alaska2-05265.jpg;0.0775986;0.0818558;0.0646591
_alaska2-05331.jpg;0.0795631;0.0853462;0.0791931
_alaska2-05408.jpg;0.0704231;0.0748215;0.0715981
_alaska2-05579.jpg;0.426842;0.450642;0.389931
_alaska2-05608.jpg;0.114811;0.120041;0.105602
_alaska2-05690.jpg;0.426476;0.434319;0.368114
_alaska2-05693.jpg;0.698662;0.647964;0.625114
_alaska2-05747.jpg;0.0773239;0.0734406;0.114849
_alaska2-05820.jpg;0.0929337;0.0962524;0.0917091
_alaska2-05940.jpg;0.162285;0.183304;0.15723
_alaska2-06220.jpg;0.356647;0.382301;0.336941
_alaska2-06362.jpg;0.0388222;0.08078;0.0682793
_alaska2-06556.jpg;0.191002;0.215473;0.180489
_alaska2-06615.jpg;0.0548553;0.0640564;0.0739594
_alaska2-06761.jpg;0.116241;0.121685;0.119698
_alaska2-07149.jpg;0.0707703;0.0722847;0.0790176
_alaska2-07164.jpg;0.281651;0.315418;0.243671
_alaska2-07292.jpg;0.14085;0.185719;0.104813
_alaska2-07300.jpg;0.0922661;0.136425;0.132412
_alaska2-07479.jpg;0.340218;0.378029;0.289555
_alaska2-07545.jpg;0.0928612;0.101818;0.0923882
_alaska2-07596.jpg;0.270596;0.29586;0.251755
_alaska2-07636.jpg;0.175522;0.169861;0.157238
_alaska2-07799.jpg;0.113132;0.119816;0.102386
_alaska2-07903.jpg;0.469685;0.489799;0.394203
_alaska2-07913.jpg;0.0978203;0.131248;0.0751991
_alaska2-08025.jpg;0.339607;0.38501;0.36013
_alaska2-08230.jpg;0.147114;0.172688;0.126133
_alaska2-08232.jpg;0.370564;0.395409;0.357235
_alaska2-08395.jpg;0.128372;0.142628;0.130135
_alaska2-08480.jpg;0.280655;0.333759;0.286171
_alaska2-08535.jpg;0.175804;0.213318;0.146511
_alaska2-08647.jpg;0.252186;0.271927;0.253819
_alaska2-08670.jpg;0.198227;0.24165;0.183662
_alaska2-08705.jpg;0.140469;0.137947;0.116318
_alaska2-08717.jpg;0.166965;0.210361;0.162739
_alaska2-08883.jpg;0.373581;0.408245;0.346977
_alaska2-08893.jpg;0.0617447;0.0942879;0.0847473
_alaska2-08992.jpg;0.277382;0.315895;0.206455
_alaska2-09049.jpg;0.0954132;0.0910034;0.0787201
_alaska2-09363.jpg;0.130116;0.160809;0.115578
_alaska2-09657.jpg;0.0850563;0.0886955;0.0643997
_alaska2-09745.jpg;0.0407867;0.053196;0.0446129
_alaska2-09861.jpg;0.0877419;0.112438;0.0623512
_alaska2-09879.jpg;0.387707;0.406651;0.374695
_alaska2-09949.jpg;0.0904007;0.109024;0.0815048
_alaska2-09971.jpg;0.0655098;0.0775642;0.0594826
_alaska2-09976.jpg;0.14196;0.167934;0.126953
_alaska2-10081.jpg;0.183723;0.202072;0.194534
_alaska2-10111.jpg;0.437588;0.472637;0.413029
_alaska2-10113.jpg;0.395584;0.408493;0.376759
_alaska2-10242.jpg;0.0479546;0.0589027;0.0436516
_alaska2-10918.jpg;0.234966;0.236038;0.225765
_alaska2-11211.jpg;0.45026;0.463829;0.392891
_alaska2-11284.jpg;0.0781593;0.080307;0.0885353
_alaska2-11314.jpg;0.637409;0.586014;0.469894
_alaska2-11337.jpg;0.44331;0.446285;0.37553
_alaska2-11601.jpg;0.141216;0.172031;0.115498
_alaska2-11605.jpg;0.0547485;0.0628433;0.0724564
_alaska2-11617.jpg;0.133911;0.143208;0.122982
_alaska2-12186.jpg;0.132534;0.143387;0.108181
_alaska2-12225.jpg;0.0743141;0.0767708;0.0904732
_alaska2-12269.jpg;0.36681;0.406948;0.36385
_alaska2-12333.jpg;0.188545;0.206669;0.178062
_alaska2-12669.jpg;0.0775642;0.0818939;0.0738449
_alaska2-13009.jpg;0.238068;0.256523;0.2225
_alaska2-13011.jpg;0.483795;0.519348;0.48827
_alaska2-13106.jpg;0.265305;0.284481;0.228664
_alaska2-13236.jpg;0.132008;0.156307;0.117126
_alaska2-13308.jpg;0.424889;0.44368;0.406765
_alaska2-13415.jpg;0.056736;0.0631523;0.0550346
_alaska2-13702.jpg;0.139137;0.148712;0.1138
_alaska2-13837.jpg;0.178581;0.211708;0.151642
_alaska2-13966.jpg;0.619678;0.599571;0.514534
_alaska2-14384.jpg;0.080101;0.0838661;0.0791054
_alaska2-14485.jpg;0.067276;0.0694466;0.063633
_alaska2-14668.jpg;0.148598;0.15295;0.135048
_alaska2-14681.jpg;0.153889;0.173618;0.14241
_alaska2-14976.jpg;0.120041;0.145134;0.112263
_alaska2-14982.jpg;0.129276;0.143528;0.111092
_alaska2-15018.jpg;0.339462;0.344814;0.287777
_alaska2-15128.jpg;0.139507;0.16671;0.129299
_alaska2-15333.jpg;0.0747337;0.0788956;0.0709839
_alaska2-15342.jpg;0.299824;0.310944;0.275063
_alaska2-15432.jpg;0.0562973;0.0593414;0.05616
_alaska2-15490.jpg;0.158245;0.189926;0.141994
_alaska2-15575.jpg;0.106033;0.120934;0.10445
_alaska2-15617.jpg;0.461861;0.474308;0.462994
_alaska2-15660.jpg;0.237;0.297894;0.22369
_alaska2-15717.jpg;0.305866;0.362522;0.32925
_alaska2-15779.jpg;0.0630798;0.101627;0.0866928
_alaska2-15832.jpg;0.110065;0.145588;0.121899
_alaska2-15869.jpg;0.299099;0.343121;0.301636
_alaska2-16000.jpg;0.0290794;0.0436096;0.0260773
_alaska2-16114.jpg;0.114826;0.12833;0.108326
_alaska2-16159.jpg;0.0348129;0.0450935;0.0298615
_alaska2-16541.jpg;0.525631;0.553913;0.561165
_alaska2-16609.jpg;0.159298;0.182854;0.149853
_alaska2-16666.jpg;0.658482;0.660595;0.64674
_alaska2-16921.jpg;0.0672226;0.100971;0.0695763
_alaska2-17130.jpg;0.214207;0.245266;0.211479
_alaska2-17140.jpg;0.0275955;0.0388031;0.0484772
_alaska2-17539.jpg;0.105148;0.106262;0.104321
_alaska2-17575.jpg;0.332008;0.371487;0.298458
_alaska2-17916.jpg;0.478317;0.499828;0.480759
_alaska2-18081.jpg;0.337074;0.338612;0.338203
_alaska2-18364.jpg;0.118778;0.124428;0.109924
_alaska2-18592.jpg;0.201054;0.21249;0.191399
_alaska2-18783.jpg;0.0697136;0.071209;0.0687714
_alaska2-18793.jpg;0.0533867;0.0562439;0.0527191
_alaska2-18901.jpg;0.286713;0.315102;0.238937
_alaska2-18968.jpg;0.112457;0.149803;0.127441
_alaska2-19358.jpg;0.543053;0.545723;0.525234
_alaska2-19470.jpg;0.047863;0.0555267;0.0515747
_alaska2-19479.jpg;0.199554;0.218128;0.1945
_alaska2-19484.jpg;0.0345306;0.0451431;0.0269852
_alaska2-19504.jpg;0.0759506;0.0840797;0.0724831
_alaska2-19639.jpg;0.384586;0.400593;0.353199
_alaska2-19671.jpg;0.235191;0.272858;0.217205
_alaska2-19700.jpg;0.463623;0.461784;0.382572
_alaska2-19749.jpg;0.114532;0.166954;0.100567
_alaska2-19914.jpg;0.108955;0.150654;0.11335
_alaska2-20243.jpg;0.296684;0.313999;0.272202
_alaska2-20392.jpg;0.225109;0.242355;0.21328
_alaska2-20567.jpg;0.273746;0.304089;0.228264
_alaska2-20612.jpg;0.231575;0.273838;0.221191
_alaska2-20678.jpg;0.647644;0.647961;0.624462
_alaska2-20865.jpg;0.0978813;0.110924;0.0872803
_alaska2-21182.jpg;0.127338;0.133453;0.126511
_alaska2-21208.jpg;0.159817;0.221306;0.201385
_alaska2-21244.jpg;0.407967;0.433907;0.403835
_alaska2-21286.jpg;0.0876999;0.0914841;0.0867081
_alaska2-21354.jpg;0.375671;0.419037;0.356846
_alaska2-21502.jpg;0.251194;0.262981;0.22604
_alaska2-21770.jpg;0.51125;0.525955;0.532921
_alaska2-21834.jpg;0.112679;0.126709;0.111023
_alaska2-21927.jpg;0.726112;0.736893;0.726341
_alaska2-21968.jpg;0.370033;0.417728;0.371307
_alaska2-22000.jpg;0.193264;0.217045;0.198219
_alaska2-22137.jpg;0.157406;0.149731;0.129982
_alaska2-22200.jpg;0.0662498;0.0886383;0.0734444
_alaska2-22230.jpg;0.279602;0.326252;0.310009
_alaska2-22516.jpg;0.438309;0.463058;0.436409
_alaska2-22642.jpg;0.223965;0.231537;0.212341
_alaska2-22705.jpg;0.277454;0.310467;0.323048
_alaska2-22706.jpg;0.147041;0.169376;0.144272
_alaska2-22727.jpg;0.400578;0.362846;0.27832
_alaska2-22815.jpg;0.124908;0.149078;0.113663
_alaska2-22843.jpg;0.161205;0.177197;0.149834
_alaska2-23023.jpg;0.196064;0.202438;0.190163
_alaska2-23166.jpg;0.289646;0.324207;0.27124
_alaska2-23239.jpg;0.108204;0.122154;0.106449
_alaska2-23284.jpg;0.0711403;0.0741653;0.0687714
_alaska2-23303.jpg;0.682911;0.691132;0.67844
_alaska2-23390.jpg;0.32336;0.362514;0.272232
_alaska2-23512.jpg;0.193562;0.254433;0.202599
_alaska2-23663.jpg;0.0519562;0.0553703;0.0525055
_alaska2-23722.jpg;0.144756;0.178112;0.150768
_alaska2-23770.jpg;0.589825;0.613495;0.616493
_alaska2-23995.jpg;0.0981979;0.107361;0.0957794
_alaska2-24013.jpg;0.531261;0.567818;0.523846
_alaska2-24108.jpg;0.488194;0.519955;0.52861
_alaska2-24126.jpg;0.331898;0.361591;0.326561
_alaska2-24649.jpg;0.217716;0.25531;0.212425
_alaska2-24789.jpg;0.558514;0.572216;0.576351
_alaska2-24897.jpg;0.136189;0.146111;0.126965
_alaska2-25022.jpg;0.562984;0.574165;0.527447
_alaska2-25082.jpg;0.248775;0.265347;0.230576
_alaska2-25083.jpg;0.207115;0.265171;0.195358
_alaska2-25243.jpg;0.47905;0.481693;0.471561
_alaska2-25289.jpg;0.0953407;0.107746;0.08955
_alaska2-25774.jpg;0.0683212;0.0910072;0.0694847
_alaska2-26022.jpg;0.039402;0.0462646;0.0429955
_alaska2-26044.jpg;0.0833206;0.112324;0.0849648
_alaska2-26160.jpg;0.577446;0.617119;0.658112
_alaska2-26245.jpg;0.0818329;0.1059;0.0797462
_alaska2-26379.jpg;0.0410576;0.0551796;0.0440521
_alaska2-26408.jpg;0.20797;0.251286;0.183315
_alaska2-26409.jpg;0.0822716;0.083889;0.0835533
_alaska2-26480.jpg;0.0817909;0.0969658;0.0886116
_alaska2-26562.jpg;0.346992;0.355373;0.351162
_alaska2-26584.jpg;0.210747;0.249485;0.236301
_alaska2-26606.jpg;0.142937;0.175026;0.139278
_alaska2-26700.jpg;0.104141;0.140209;0.113483
_alaska2-26771.jpg;0.0747719;0.0808716;0.0732536
_alaska2-26827.jpg;0.202675;0.247692;0.192017
_alaska2-26848.jpg;0.152695;0.198074;0.181015
_alaska2-26873.jpg;0.127625;0.13139;0.121761
_alaska2-26906.jpg;0.146172;0.190128;0.156609
_alaska2-26982.jpg;0.108261;0.123932;0.105049
_alaska2-27052.jpg;0.097683;0.112507;0.0984306
_alaska2-27055.jpg;0.259747;0.290657;0.296654
_alaska2-27175.jpg;0.0996895;0.130623;0.253235
_alaska2-27291.jpg;0.261196;0.288754;0.282684
_alaska2-27347.jpg;0.434296;0.46217;0.457718
_alaska2-27469.jpg;0.155823;0.199581;0.154179
_alaska2-27531.jpg;0.0434608;0.049118;0.0426369
_alaska2-27533.jpg;0.105751;0.156784;0.132896
_alaska2-27549.jpg;0.170891;0.194668;0.196541
_alaska2-27561.jpg;0.118366;0.14233;0.121655
_alaska2-27629.jpg;0.0483971;0.0650444;0.0491028
_alaska2-27675.jpg;0.108242;0.128292;0.0856133
_alaska2-27723.jpg;0.172852;0.222363;0.166111
_alaska2-27761.jpg;0.188911;0.20351;0.180401
_alaska2-27782.jpg;0.562904;0.597527;0.670948
_alaska2-27845.jpg;0.327011;0.367851;0.293247
_alaska2-27873.jpg;0.177883;0.215252;0.17944
_alaska2-28101.jpg;0.0957794;0.111534;0.0825577
_alaska2-28114.jpg;0.160999;0.168491;0.160301
_alaska2-28150.jpg;0.0984497;0.116287;0.0972023
_alaska2-28478.jpg;0.204178;0.206707;0.201103
_alaska2-28576.jpg;0.155922;0.190376;0.150299
_alaska2-28692.jpg;0.188133;0.205402;0.175293
_alaska2-28780.jpg;0.056118;0.0948601;0.102459
_alaska2-28877.jpg;0.0700607;0.0803299;0.0674248
_alaska2-28974.jpg;0.180603;0.224876;0.169487
_alaska2-28996.jpg;0.0654297;0.0835838;0.065731
_alaska2-29509.jpg;0.244781;0.322113;0.284184
_alaska2-29736.jpg;0.119343;0.126072;0.116467
_alaska2-29738.jpg;0.265427;0.320744;0.247036
_alaska2-29778.jpg;0.277519;0.359451;0.323841
_alaska2-30282.jpg;0.12973;0.147873;0.14193
_alaska2-30363.jpg;0.0589066;0.105045;0.0683823
_alaska2-30703.jpg;0.0608139;0.0963135;0.0944366
_alaska2-30897.jpg;0.0515327;0.0665092;0.0490112
_alaska2-30966.jpg;0.638126;0.623222;0.551785
_alaska2-31067.jpg;0.278481;0.298286;0.288841
_alaska2-31096.jpg;0.0434799;0.0492287;0.0428886
_alaska2-31147.jpg;0.372128;0.414845;0.385147
_alaska2-31160.jpg;0.320084;0.33028;0.284382
_alaska2-31205.jpg;0.363049;0.377304;0.310135
_alaska2-31242.jpg;0.19302;0.203281;0.181107
_alaska2-31261.jpg;0.12899;0.141464;0.113628
_alaska2-31494.jpg;0.748978;0.756771;0.735928
_alaska2-31842.jpg;0.184921;0.212482;0.179928
_alaska2-31983.jpg;0.0675621;0.0765839;0.0644341
_alaska2-32405.jpg;0.067276;0.0822525;0.0681038
_alaska2-32573.jpg;0.055439;0.0615654;0.0569687
_alaska2-32594.jpg;0.724453;0.73632;0.738136
_alaska2-32776.jpg;0.407066;0.4426;0.385006
_alaska2-32879.jpg;0.102222;0.13887;0.120308
_alaska2-32967.jpg;0.0965385;0.116653;0.0956993
_alaska2-33361.jpg;0.188934;0.188934;0.188934
_alaska2-33362.jpg;0.195786;0.195786;0.195786
_alaska2-33483.jpg;0.071907;0.071907;0.071907
_alaska2-33527.jpg;0.331924;0.331924;0.331924
_alaska2-33528.jpg;0.432915;0.432892;0.433308
_alaska2-33543.jpg;0.495815;0.495815;0.495815
_alaska2-33665.jpg;0.0661469;0.0898552;0.0560951
_alaska2-33693.jpg;0.0955696;0.102074;0.0925484
_alaska2-33827.jpg;0.399837;0.408245;0.375175
_alaska2-33838.jpg;0.560352;0.562828;0.592911
_alaska2-33940.jpg;0.266819;0.282154;0.238235
_alaska2-34228.jpg;0.2033;0.254059;0.201611
_alaska2-34306.jpg;0.0802994;0.0882034;0.0737991
_alaska2-34631.jpg;0.118824;0.127773;0.116486
_alaska2-34735.jpg;0.488544;0.50832;0.44331
_alaska2-34767.jpg;0.212387;0.269264;0.198185
_alaska2-34775.jpg;0.338837;0.325863;0.249203
_alaska2-34803.jpg;0.0315056;0.0430832;0.041111
_alaska2-35096.jpg;0.20343;0.238686;0.166374
_alaska2-35146.jpg;0.0990601;0.107243;0.0871964
_alaska2-35168.jpg;0.476051;0.504448;0.394348
_alaska2-35318.jpg;0.0612564;0.0790329;0.0576973
_alaska2-35407.jpg;0.355389;0.385864;0.319881
_alaska2-35501.jpg;0.058979;0.0820312;0.0534019
_alaska2-35772.jpg;0.0899696;0.100899;0.0781898
_alaska2-36267.jpg;0.277184;0.324482;0.243404
_alaska2-36422.jpg;0.112938;0.142925;0.11602
_alaska2-36478.jpg;0.649517;0.653019;0.615189
_alaska2-36652.jpg;0.106964;0.0979881;0.123867
_alaska2-36786.jpg;0.348293;0.370216;0.320473
_alaska2-36806.jpg;0.199703;0.242672;0.181175
_alaska2-36828.jpg;0.157093;0.170452;0.143185
_alaska2-37186.jpg;0.0379562;0.0399475;0.0260315
_alaska2-37460.jpg;0.0796432;0.0847626;0.0800285
_alaska2-37509.jpg;0.336803;0.391315;0.314167
_alaska2-37512.jpg;0.211483;0.258221;0.185913
_alaska2-37545.jpg;0.0941162;0.117725;0.0953941
_alaska2-37593.jpg;0.20293;0.174;0.144226
_alaska2-37650.jpg;0.446556;0.445824;0.390263
_alaska2-37712.jpg;0.437187;0.477333;0.431217
_alaska2-37867.jpg;0.149155;0.205841;0.186207
_alaska2-37956.jpg;0.155762;0.201481;0.137794
_alaska2-37987.jpg;0.0811806;0.10342;0.0783958
_alaska2-38164.jpg;0.414608;0.424614;0.491211
_alaska2-38231.jpg;0.869347;0.833363;0.854313
_alaska2-38261.jpg;0.218239;0.152649;0.137486
_alaska2-38420.jpg;0.350296;0.411152;0.356277
_alaska2-38499.jpg;0.403725;0.433056;0.397671
_alaska2-38563.jpg;0.238655;0.27829;0.235115
_alaska2-38588.jpg;0.0825386;0.0973358;0.0638123
_alaska2-38866.jpg;0.0876236;0.100315;0.0811958
_alaska2-39088.jpg;0.393089;0.427418;0.399536
_alaska2-39120.jpg;0.302441;0.337093;0.271553
_alaska2-39166.jpg;0.198505;0.201878;0.197472
_alaska2-39235.jpg;0.268478;0.292389;0.263176
_alaska2-39304.jpg;0.457607;0.457928;0.391556
_alaska2-39527.jpg;0.566257;0.604446;0.599186
_alaska2-39530.jpg;0.0921669;0.0995331;0.0807381
_alaska2-39558.jpg;0.561592;0.588154;0.574631
_alaska2-39610.jpg;0.0531845;0.0550537;0.0494308
_alaska2-39664.jpg;0.3494;0.389317;0.304062
_alaska2-39817.jpg;0.121796;0.1535;0.102703
_alaska2-39839.jpg;0.33046;0.37793;0.339558
_alaska2-39944.jpg;0.126305;0.163712;0.121277
_alaska2-40693.jpg;0.170376;0.183453;0.137005
_alaska2-40709.jpg;0.161686;0.177856;0.154488
_alaska2-41073.jpg;0.158619;0.195404;0.147907
_alaska2-41186.jpg;0.13134;0.140034;0.118599
_alaska2-41458.jpg;0.103455;0.139935;0.103767
_alaska2-41513.jpg;0.40987;0.403522;0.3428
_alaska2-41641.jpg;0.319725;0.336548;0.289349
_alaska2-41821.jpg;0.0412788;0.0635452;0.0325851
_alaska2-41882.jpg;0.365479;0.409698;0.329674
_alaska2-42096.jpg;0.139862;0.153275;0.150539
_alaska2-42203.jpg;0.0876083;0.0916557;0.0952072
_alaska2-42227.jpg;0.04953;0.0650253;0.0435028
_alaska2-42309.jpg;0.0855026;0.120113;0.0781555
_alaska2-42339.jpg;0.258453;0.265903;0.240501
_alaska2-42404.jpg;0.10112;0.115112;0.102386
_alaska2-42460.jpg;0.0527649;0.0623207;0.0477943
_alaska2-42647.jpg;0.0895729;0.0965958;0.0851212
_alaska2-42772.jpg;0.0839996;0.0889816;0.0738449
_alaska2-43216.jpg;0.245296;0.267475;0.190613
_alaska2-43320.jpg;0.096405;0.112041;0.0981674
_alaska2-43595.jpg;0.242554;0.264053;0.227173
_alaska2-43597.jpg;0.19635;0.222786;0.16431
_alaska2-43751.jpg;0.108772;0.119801;0.101238
_alaska2-44016.jpg;0.527531;0.533497;0.511593
_alaska2-44144.jpg;0.424427;0.434586;0.430187
_alaska2-44270.jpg;0.57452;0.611664;0.649494
_alaska2-44413.jpg;0.166485;0.202515;0.14632
_alaska2-44698.jpg;0.358871;0.384563;0.31876
_alaska2-44753.jpg;0.302746;0.301975;0.296513
_alaska2-44912.jpg;0.599483;0.608925;0.599785
_alaska2-44933.jpg;0.152267;0.158722;0.147213
_alaska2-44973.jpg;0.332825;0.338619;0.326389
_alaska2-45231.jpg;0.291309;0.31472;0.271122
_alaska2-45591.jpg;0.348991;0.360054;0.329468
_alaska2-45684.jpg;0.236237;0.259769;0.239159
_alaska2-46006.jpg;0.410233;0.432526;0.363934
_alaska2-46070.jpg;0.503445;0.514202;0.440395
_alaska2-46165.jpg;0.414352;0.437748;0.401096
_alaska2-46177.jpg;0.318626;0.321457;0.312046
_alaska2-46373.jpg;0.168182;0.188835;0.121044
_alaska2-46411.jpg;0.167892;0.173172;0.165123
_alaska2-46640.jpg;0.244453;0.258953;0.21059
_alaska2-47124.jpg;0.183899;0.21545;0.17831
_alaska2-47353.jpg;0.489586;0.499733;0.460686
_alaska2-47645.jpg;0.151596;0.158512;0.154354
_alaska2-47985.jpg;0.144417;0.171139;0.127747
_alaska2-48039.jpg;0.463493;0.44558;0.424984
_alaska2-48088.jpg;0.0597687;0.0600967;0.0600471
_alaska2-48137.jpg;0.223236;0.226387;0.205181
_alaska2-48292.jpg;0.499523;0.501076;0.49979
_alaska2-48345.jpg;0.18829;0.237797;0.174759
_alaska2-48362.jpg;0.343723;0.369781;0.283409
_alaska2-48367.jpg;0.192688;0.215759;0.184479
_alaska2-48438.jpg;0.397739;0.396423;0.347969
_alaska2-48549.jpg;0.443836;0.492767;0.478798
_alaska2-48627.jpg;0.23119;0.292282;0.253181
_alaska2-49088.jpg;0.216721;0.240356;0.218143
_alaska2-49152.jpg;0.179272;0.202484;0.168892
_alaska2-49228.jpg;0.194241;0.22974;0.176743
_alaska2-49230.jpg;0.21941;0.24297;0.197624
_alaska2-49366.jpg;0.214836;0.244133;0.205063
_alaska2-49443.jpg;0.236649;0.300259;0.214779
_alaska2-49541.jpg;0.135582;0.205532;0.243092
_alaska2-49593.jpg;0.250172;0.268036;0.255672
_alaska2-49600.jpg;0.248978;0.286331;0.22089
_alaska2-49658.jpg;0.121403;0.134232;0.127499
_alaska2-49775.jpg;0.17646;0.203987;0.171551
_alaska2-49818.jpg;0.136257;0.156883;0.122509
_alaska2-50047.jpg;0.191841;0.219868;0.176865
_alaska2-50431.jpg;0.41864;0.552277;0.675735
_alaska2-50544.jpg;0.119335;0.159039;0.103104
_alaska2-50836.jpg;0.195965;0.201534;0.174168
_alaska2-51035.jpg;0.397835;0.432461;0.393703
_alaska2-51236.jpg;0.057312;0.0597687;0.0570679
_alaska2-51348.jpg;0.275913;0.287224;0.252914
_alaska2-51624.jpg;0.410702;0.429688;0.380722
_alaska2-51679.jpg;0.336952;0.360531;0.302723
_alaska2-51893.jpg;0.417576;0.424721;0.398407
_alaska2-52006.jpg;0.197964;0.208885;0.201115
_alaska2-52075.jpg;0.21751;0.245567;0.180893
_alaska2-52328.jpg;0.291573;0.304756;0.27264
_alaska2-52525.jpg;0.346363;0.353355;0.31234
_alaska2-52538.jpg;0.157955;0.168289;0.148037
_alaska2-52661.jpg;0.242111;0.266445;0.213936
_alaska2-52681.jpg;0.260399;0.270134;0.240189
_alaska2-52776.jpg;0.612469;0.58754;0.432384
_alaska2-52983.jpg;0.245621;0.259113;0.214001
_alaska2-53162.jpg;0.44973;0.443317;0.359894
_alaska2-53248.jpg;0.499626;0.506947;0.49305
_alaska2-53394.jpg;0.31245;0.320526;0.303085
_alaska2-53489.jpg;0.211521;0.237202;0.198147
_alaska2-53615.jpg;0.336304;0.351547;0.272053
_alaska2-53722.jpg;0.164051;0.166328;0.153713
_alaska2-53802.jpg;0.131752;0.137482;0.121426
_alaska2-54003.jpg;0.231148;0.235748;0.213768
_alaska2-54243.jpg;0.119659;0.123051;0.113213
_alaska2-54248.jpg;0.0774651;0.107971;0.044857
_alaska2-54432.jpg;0.145832;0.167118;0.133488
_alaska2-54518.jpg;0.0729141;0.0813255;0.0625229
_alaska2-54603.jpg;0.211048;0.217644;0.180115
_alaska2-54666.jpg;0.0729179;0.0740814;0.0725441
_alaska2-54773.jpg;0.053978;0.058075;0.0434189
_alaska2-54808.jpg;0.058094;0.0620918;0.0583649
_alaska2-54872.jpg;0.156433;0.18108;0.132973
_alaska2-55036.jpg;0.177273;0.20031;0.160912
_alaska2-55125.jpg;0.349613;0.383194;0.326206
_alaska2-55135.jpg;0.162315;0.20332;0.143719
_alaska2-55188.jpg;0.161575;0.175148;0.155289
_alaska2-55328.jpg;0.480274;0.547413;0.583782
_alaska2-55876.jpg;0.131229;0.160427;0.0978127
_alaska2-55966.jpg;0.0391235;0.0513191;0.0382805
_alaska2-56063.jpg;0.196327;0.205578;0.189125
_alaska2-56440.jpg;0.241688;0.301174;0.268307
_alaska2-56442.jpg;0.112556;0.124165;0.108601
_alaska2-56502.jpg;0.27092;0.321724;0.25111
_alaska2-56564.jpg;0.506092;0.508865;0.607101
_alaska2-56710.jpg;0.294178;0.312267;0.284546
_alaska2-56854.jpg;0.36528;0.375015;0.322178
_alaska2-56934.jpg;0.698986;0.686573;0.681381
_alaska2-57203.jpg;0.348217;0.365635;0.372173
_alaska2-57558.jpg;0.211479;0.234188;0.265045
_alaska2-57723.jpg;0.554352;0.508293;0.46265
_alaska2-57768.jpg;0.276772;0.324234;0.284966
_alaska2-57990.jpg;0.107735;0.127155;0.0933151
_alaska2-58036.jpg;0.0974426;0.135403;0.0619621
_alaska2-58100.jpg;0.139805;0.184277;0.146133
_alaska2-58112.jpg;0.243729;0.274105;0.192677
_alaska2-58156.jpg;0.168198;0.185329;0.15873
_alaska2-58566.jpg;0.282158;0.369167;0.437489
_alaska2-58871.jpg;0.0410805;0.0578499;0.0352211
_alaska2-59065.jpg;0.357967;0.374092;0.348888
_alaska2-59261.jpg;0.0978088;0.102951;0.0962029
_alaska2-59400.jpg;0.399429;0.417725;0.401806
_alaska2-59635.jpg;0.109787;0.124371;0.0996704
_alaska2-59662.jpg;0.448029;0.45723;0.433743
_alaska2-59765.jpg;0.592339;0.61055;0.594536
_alaska2-59781.jpg;0.263264;0.283672;0.264053
_alaska2-59836.jpg;0.234043;0.285191;0.23291
_alaska2-59842.jpg;0.175541;0.181763;0.177418
_alaska2-59992.jpg;0.0833702;0.116882;0.0781288
_alaska2-60376.jpg;0.204205;0.230888;0.204704
_alaska2-60412.jpg;0.202354;0.208897;0.196045
_alaska2-60562.jpg;0.105114;0.145706;0.122272
_alaska2-60635.jpg;0.558651;0.568352;0.572388
_alaska2-60712.jpg;0.534149;0.500824;0.459553
_alaska2-60769.jpg;0.420284;0.43951;0.433754
_alaska2-60879.jpg;0.3255;0.203598;0.128639
_alaska2-60962.jpg;0.116188;0.0788116;0.0563698
_alaska2-61043.jpg;0.410416;0.455471;0.456593
_alaska2-61181.jpg;0.160629;0.20504;0.186882
_alaska2-61320.jpg;0.425095;0.480114;0.451809
_alaska2-61330.jpg;0.274624;0.31786;0.237701
_alaska2-61389.jpg;0.226398;0.252632;0.2094
_alaska2-61451.jpg;0.0522842;0.0584297;0.0703506
_alaska2-61556.jpg;0.0722427;0.068737;0.0217552
_alaska2-62015.jpg;0.30862;0.243496;0.172028
_alaska2-62061.jpg;0.294479;0.308979;0.293182
_alaska2-62152.jpg;0.195515;0.198357;0.197884
_alaska2-62276.jpg;0.304348;0.380711;0.37756
_alaska2-62384.jpg;0.0358467;0.0548592;0.0263519
_alaska2-62390.jpg;0.348835;0.374687;0.247017
_alaska2-62562.jpg;0.129601;0.144989;0.109715
_alaska2-62594.jpg;0.0839806;0.128235;0.122555
_alaska2-62884.jpg;0.139118;0.0518723;0.0318298
_alaska2-62899.jpg;0.144001;0.185295;0.159023
_alaska2-62959.jpg;0.1758;0.223694;0.205658
_alaska2-62977.jpg;0.788383;0.790314;0.789604
_alaska2-63320.jpg;0.0360107;0.0484047;0.0266457
_alaska2-63389.jpg;0.0401878;0.0394897;0.0381584
_alaska2-63538.jpg;0.0310287;0.0387001;0.0194702
_alaska2-63750.jpg;0.187847;0.194042;0.182339
_alaska2-63821.jpg;0.152836;0.156746;0.117317
_alaska2-63919.jpg;0.119461;0.138893;0.135361
_alaska2-63952.jpg;0.0364723;0.0428429;0.0395813
_alaska2-64141.jpg;0.0614777;0.0748901;0.0771523
_alaska2-64293.jpg;0.601398;0.618786;0.588375
_alaska2-64321.jpg;0.591499;0.602875;0.581974
_alaska2-64536.jpg;0.0770836;0.0813408;0.0712242
_alaska2-64701.jpg;0.246319;0.261154;0.225998
_alaska2-64783.jpg;0.0649643;0.071804;0.063221
_alaska2-65321.jpg;0.290398;0.316422;0.26815
_alaska2-65365.jpg;0.169548;0.218147;0.137787
_alaska2-65416.jpg;0.311024;0.327858;0.223148
_alaska2-65420.jpg;0.380348;0.413105;0.355637
_alaska2-65499.jpg;0.236786;0.246826;0.221714
_alaska2-65628.jpg;0.175972;0.217884;0.173454
_alaska2-66211.jpg;0.0556374;0.0883217;0.0656929
_alaska2-66328.jpg;0.363522;0.387184;0.338257
_alaska2-66345.jpg;0.314152;0.353722;0.308224
_alaska2-66448.jpg;0.389202;0.413746;0.415779
_alaska2-66516.jpg;0.155964;0.173084;0.138943
_alaska2-66555.jpg;0.37989;0.408535;0.360584
_alaska2-66840.jpg;0.209694;0.238834;0.167515
_alaska2-66843.jpg;0.0727234;0.0713997;0.0859184
_alaska2-66932.jpg;0.285042;0.302895;0.254234
_alaska2-67227.jpg;0.120102;0.132938;0.0706062
_alaska2-67320.jpg;0.492191;0.49659;0.391365
_alaska2-67421.jpg;0.747509;0.727463;0.752327
_alaska2-67487.jpg;0.129604;0.159157;0.0775833
_alaska2-67503.jpg;0.118729;0.130825;0.104725
_alaska2-67671.jpg;0.246758;0.279911;0.222046
_alaska2-68262.jpg;0.0536575;0.0648193;0.036293
_alaska2-68283.jpg;0.256504;0.239845;0.228783
_alaska2-68292.jpg;0.189407;0.244926;0.172123
_alaska2-68344.jpg;0.212513;0.0857277;0.133091
_alaska2-68353.jpg;0.105408;0.0970993;0.0963821
_alaska2-68437.jpg;0.0391159;0.0589218;0.0321884
_alaska2-68581.jpg;0.124237;0.135513;0.124554
_alaska2-68652.jpg;0.0564423;0.0512047;0.0437965
_alaska2-68739.jpg;0.082428;0.0771446;0.0519409
_alaska2-68871.jpg;0.142185;0.143063;0.128193
_alaska2-69030.jpg;0.431595;0.373169;0.326839
_alaska2-69395.jpg;0.0876694;0.0996895;0.0964355
_alaska2-69400.jpg;0.152428;0.189568;0.142159
_alaska2-69649.jpg;0.199787;0.2439;0.199871
_alaska2-69798.jpg;0.257591;0.28458;0.24062
_alaska2-69897.jpg;0.190697;0.238464;0.161922
_alaska2-69915.jpg;0.153725;0.170971;0.137077
_alaska2-69945.jpg;0.0455208;0.091568;0.0810242
_alaska2-70090.jpg;0.183613;0.202389;0.189571
_alaska2-70183.jpg;0.120411;0.149044;0.100746
_alaska2-70636.jpg;0.0610352;0.0657196;0.0570984
_alaska2-70872.jpg;0.166149;0.171703;0.154774
_alaska2-70897.jpg;0.679951;0.709061;0.726429
_alaska2-70976.jpg;0.346653;0.386127;0.375595
_alaska2-71118.jpg;0.672329;0.676311;0.76049
_alaska2-71412.jpg;0.0922852;0.101341;0.0863342
_alaska2-71618.jpg;0.253971;0.278168;0.247906
_alaska2-71619.jpg;0.374516;0.377651;0.354633
_alaska2-71678.jpg;0.358604;0.388847;0.337299
_alaska2-72108.jpg;0.196594;0.25544;0.217075
_alaska2-72113.jpg;0.206692;0.258522;0.263321
_alaska2-72128.jpg;0.347099;0.600563;0.332024
_alaska2-72185.jpg;0.118618;0.12801;0.116489
_alaska2-72269.jpg;0.432365;0.455437;0.370533
_alaska2-72377.jpg;0.129097;0.148144;0.127598
_alaska2-72529.jpg;0.348114;0.364677;0.317596
_alaska2-72568.jpg;0.245209;0.315521;0.247513
_alaska2-72741.jpg;0.258438;0.285275;0.233742
_alaska2-72788.jpg;0.12328;0.163177;0.127911
_alaska2-72801.jpg;0.66666;0.663769;0.358349
_alaska2-72833.jpg;0.106709;0.116802;0.090538
_alaska2-72969.jpg;0.073307;0.0877724;0.0721779
_alaska2-73081.jpg;0.146828;0.151337;0.139179
_alaska2-73124.jpg;0.118137;0.14304;0.11108
_alaska2-73153.jpg;0.149055;0.178921;0.133587
_alaska2-73294.jpg;0.530018;0.526348;0.462627
_alaska2-73337.jpg;0.316212;0.337357;0.283035
_alaska2-73510.jpg;0.526894;0.528614;0.512417
_alaska2-73895.jpg;0.11063;0.118225;0.11171
_alaska2-73962.jpg;0.393696;0.414555;0.415134
_alaska2-74143.jpg;0.081604;0.087204;0.0814972
_alaska2-74180.jpg;0.30159;0.355389;0.253254
_alaska2-74198.jpg;0.248856;0.270363;0.209805
_alaska2-74340.jpg;0.285728;0.313553;0.268948
_alaska2-74652.jpg;0.0932007;0.10078;0.0904236
_alaska2-74722.jpg;0.136997;0.153416;0.0968208
_alaska2-75220.jpg;0.504353;0.505531;0.59927
_alaska2-75282.jpg;0.66758;0.670765;0.659908
_alaska2-75393.jpg;0.121998;0.136467;0.113899
_alaska2-75505.jpg;0.0841637;0.0947456;0.082798
_alaska2-75568.jpg;0.475246;0.50042;0.445251
_alaska2-75601.jpg;0.341785;0.372681;0.354588
_alaska2-75709.jpg;0.42181;0.448093;0.359482
_alaska2-75735.jpg;0.316242;0.332264;0.269432
_alaska2-75993.jpg;0.0886345;0.13826;0.0809822
_alaska2-76226.jpg;0.359089;0.380878;0.325352
_alaska2-76228.jpg;0.174431;0.212204;0.160732
_alaska2-76300.jpg;0.297581;0.32095;0.294037
_alaska2-76372.jpg;0.0940971;0.0979767;0.0869713
_alaska2-76541.jpg;0.427685;0.440918;0.395988
_alaska2-76547.jpg;0.109425;0.125496;0.0948372
_alaska2-76602.jpg;0.102158;0.102257;0.0919342
_alaska2-76652.jpg;0.344387;0.359661;0.349758
_alaska2-76717.jpg;0.430733;0.469135;0.422508
_alaska2-77363.jpg;0.112942;0.124752;0.116287
_alaska2-77621.jpg;0.0747337;0.0808296;0.0717583
_alaska2-77779.jpg;0.0993423;0.106701;0.0797653
_alaska2-77848.jpg;0.326302;0.370346;0.321278
_alaska2-78075.jpg;0.0649223;0.077198;0.0474129
_alaska2-78124.jpg;0.100468;0.113937;0.0763588
_alaska2-78290.jpg;0.0873642;0.0923538;0.0857544
_alaska2-78408.jpg;0.0846367;0.0916443;0.0740623
_alaska2-78772.jpg;0.116322;0.133404;0.10252
_alaska2-78908.jpg;0.144482;0.146034;0.137344
_alaska2-78967.jpg;0.207264;0.223526;0.181488
_alaska2-79058.jpg;0.11475;0.150143;0.0975761
_alaska2-79068.jpg;0.148636;0.188049;0.14299
_alaska2-79228.jpg;0.0642433;0.0755615;0.05019
_alaska2-79642.jpg;0.342323;0.383526;0.309891
_alaska2-79870.jpg;0.168465;0.178074;0.157742
